Country,1965,1966,1967,1968,1969,1970,1971,1972,1973,1974,1975,1976,1977,1978,1979,1980,1981,1982,1983,1984,1985,1986,1987,1988,1989,1990,1991,1992,1993,1994,1995,1996,1997,1998,1999,2000,2001,2002,2003,2004,2005,2006,2007,2008,2009,2010,2011,2012,2013,2014,2015,2016,2017,2018,2019,2019,2008-18,2019
Canada,4.924.317.048,5.239.094.893,548.021.397,5.836.056.241,618.595.265,6.624.581.111,6.831.992.434,7.348.641.542,7.857.611.557,8.099.353.899,7.956.117.337,8.439.991.487,8.936.246.164,9.054.126.246,9.326.797.594,9.518.029.261,94.088.923,9.090.671.025,9.028.668.048,9.615.311.746,9.921.055.951,9.946.250.275,1.028.827.606,1.070.825.968,1.081.539.311,1.061.927.263,106.407.444,1.090.595.461,1.114.900.295,1.156.237.775,1.180.898.057,1.213.633.564,1.222.987.395,1.206.116.802,1.244.544.483,1.280.838.444,1.249.724.486,1.288.171.351,1.293.869.245,1.309.208.902,1.322.634.436,130.556.942,135.152.397,1.346.220.554,1.273.585.736,1.300.650.095,1.360.514.367,1.346.847.425,1.388.179.051,1.403.196.368,1.399.365.026,1.393.667.818,1.410.948.202,1.434.953.417,1.421.405.757,-0.009441185,0.006403547,0.024343351
Mexico,1.050.252.713,1.111.571.584,1.132.470.268,1.232.996.553,1.353.689.335,1.444.834.071,1.519.983.611,1.680.465.957,1.812.694.531,1.996.772.199,2.134.191.159,2.270.718.536,2.394.828.261,269.844.411,2.983.510.074,325.165.851,3.591.403.634,3.744.463.175,3.703.859.845,3.875.440.391,4.065.132.934,3.947.957.554,4.079.445.318,4.108.589.081,4.337.943.074,4.564.141.535,4.741.419.433,4.823.497.015,4.848.054.439,5.127.171.824,504.618.805,5.205.132.773,5.294.514.662,5.530.348.362,5.599.980.234,586.144.171,5.789.725.902,5.978.006.644,6.027.918.284,6.352.661.472,6.760.528.151,6.974.474.415,701.077.296,7.157.985.196,7.101.147.062,730.895.117,7.660.040.872,7.705.558.421,7.738.308.624,7.697.182.235,7.688.300.012,7.785.419.361,7.895.340.852,7.833.321.661,7.720.742.455,-0.014371835,0.009056575,0.013222737
United States,5.243.379.507,55.383.038,5.731.177.572,6.079.909.426,6.404.961.231,6.621.550.766,6.759.194.363,7.106.433.022,739.848.754,7.212.094.639,70.361.606,7.419.373.886,7.614.413.312,7.648.907.002,7.739.115.848,7.458.291.801,7.239.532.948,6.937.762.594,690.705.806,7.274.461.609,7.256.411.357,7.300.463.311,7.547.505.986,7.893.009.067,8.081.017.795,8.099.330.473,8.087.997.296,8.209.209.479,8.380.575.879,8.536.585.126,8.720.019.381,9.012.748.937,908.122.312,9.140.875.642,9.302.682.379,9.513.879.198,9.289.452.493,9.423.901.794,9.453.503.322,9.639.671.419,9.643.731.384,9.565.836.227,9.699.645.751,9.460.071.171,8.992.401.795,9.297.258.881,9.208.836.192,8.968.776.503,9.209.548.018,9.305.416.796,9.214.900.449,92.017.799,9.233.052.485,9.560.291.901,9.464.880.404,-0.009979977,0.001054391,0.16209791
Total North America,5.840.836.483,6.173.370.448,6.392.445.996,6.786.814.705,7.158.925.429,7.428.492.284,7.594.391.967,8.009.343.772,8.365.518.148,8.221.707.249,804.519.145,8.490.444.888,8.747.520.755,8.824.164.038,8.970.146.614,8.735.260.578,8.539.562.542,8.221.276.014,818.031.085,8.623.536.823,8.655.030.245,8.689.884.094,8.984.278.123,9.374.693.943,9.596.351.413,961.767.189,9.626.213.679,9.782.154.641,9.980.281.618,1.020.554.008,1.040.553.624,1.074.689.578,1.083.366.198,1.090.002.728,1.110.722.489,1.138.086.181,1.111.814.957,1.130.987.381,113.501.644,1.158.414.647,1.164.241.864,1.156.885.309,1.175.224.702,1.152.209.024,1.097.610.224,1.132.880.409,1.133.535.465,1.108.617.977,1.137.155.793,1.147.833.139,1.138.309.548,1.137.398.965,1.143.353.477,1.177.857.748,1.165.836.041,-0.010206417,0.002204058,0.199663998
Argentina,1.127.632.035,1.165.107.753,1.199.725.304,1.241.233.915,1.283.912.396,1.212.762.252,1.288.378.183,1.311.442.229,1.367.910.352,1.427.536.126,1.391.643.571,1.467.458.766,1.533.067.686,1.564.007.886,1.658.750.857,165.721.831,1.597.686.773,1.636.029.608,1.709.184.684,170.621.337,1.664.835.163,1.837.627.039,192.056.626,1.946.309.171,1.866.938.918,1.847.543.731,1.868.739.457,2.010.106.036,2.074.925.875,2.113.357.748,2.198.852.255,2.354.999.268,2.341.980.694,2.427.772.529,2.374.160.472,2.470.051.807,2.442.824.838,2.325.704.485,2.495.103.102,262.810.444,2.802.798,2.944.828.436,3.074.790.946,3.127.156.373,3.066.804.066,3.227.137.493,3.289.075.815,338.287.153,3.524.576.544,3.506.861.477,3.585.803.292,3.576.195.298,3.566.919.874,3.540.866.279,3.462.769.372,-0.022055876,0.01250224,0.005930425
Brazil,0.969469372,1.057.604.646,1.095.653.143,1.252.840.021,1.367.831.549,158.581.664,1.734.259.098,1.997.879.748,2.382.002.142,2.602.140.444,2.749.246.067,3.019.283.714,3.226.588.976,3.556.023.677,3.849.862.497,392.791.043,3.829.311.694,4.019.244.408,409.874.969,4.400.627.743,4.685.955.694,4.996.394.972,5.145.734.872,5.342.259.319,5.449.779.582,5.359.907.432,5.565.708.435,5.825.753.708,6.086.154.841,6.395.972.193,6.715.675.505,7.090.972.202,7.496.064.001,7.769.721.293,790.875.791,8.042.012.273,7.884.190.467,8.070.208.849,8.212.964.289,8.614.360.295,8.858.006.246,9.079.154.731,9.634.607.628,1.005.961.618,9.978.517.885,10.981.271,1.148.270.458,1.168.826.134,1.213.048.278,1.240.146.583,1.223.342.184,1.191.851.961,120.637.012,121.343.117,1.240.343.434,0.022178649,0.018927711,0.021242432
Chile,0.260339187,0.279120838,0.284559508,0.283866477,0.305712253,0.322666348,0.348804102,0.360137508,0.346330769,0.342570424,0.308504314,0.324363283,0.336391376,0.356154772,0.36805054,0.380041334,0.389954395,0.356839373,0.366581377,0.383551178,0.388930172,0.406361048,0.426337909,0.476006022,0.525161096,0.553244784,0.619855345,0.685697772,0.725102282,0.76210955,0.82136482,0.871562872,0.996989505,1.001.298.747,1.044.292.149,1.104.103.691,1.111.520.715,1.150.410.649,1.143.801.721,1.202.009.759,1.249.035.388,1.333.732.346,1.362.657.868,1.350.649.531,1.322.719.152,132.850.943,1.444.337.333,1.476.471.854,1.491.113.297,1.462.468.985,1.495.262.464,1.568.793.154,1.579.807.877,1.660.677.183,1.655.823.236,-0.002922872,0.020878963,0.002835804
Colombia,0.317744519,0.346223801,0.368582541,0.388301647,0.395001562,0.430934401,0.423545908,0.475754463,0.475069214,0.53235722,0.543324906,0.566000184,0.578851691,0.619189685,0.657769701,0.669011642,0.684903622,0.716202295,0.752742702,0.772792207,0.80340536,0.829610414,0.90201676,0.90265726,0.949785031,0.888218732,0.922536753,0.964932126,1.062.360.771,1.140.613.347,1.158.313.796,1.188.031.136,1.222.771.688,1.229.895.571,1.137.617.475,1.108.613.763,1.090.801.699,1.086.754.151,1.125.048.236,1.144.893.656,1.147.210.086,1.286.052.091,1.290.540.582,1.393.966.742,1.329.596.055,1.423.127.707,1.488.176.116,1.592.518.754,1.614.539.288,1.702.195.142,1.712.034.092,1.806.922.539,1.839.198.318,1.852.364.392,192.423.813,0.038801079,0.028838959,0.003295498
Ecuador,0.031004295,0.032621098,0.035292123,0.041699712,0.044294983,0.052921601,0.058149009,0.060766101,0.065066407,0.075953428,0.076844726,0.084658733,0.100776332,0.105271936,0.109695521,0.13918268,0.154495622,0.169747176,0.165709311,0.183568864,0.217370336,0.227472623,0.234167076,0.270742945,0.279215004,0.288306832,0.318681332,0.317100339,0.328281721,0.356911903,0.338001891,0.384378266,0.428558267,0.430807892,0.392157084,0.369895279,0.375131561,0.369921024,0.376069875,0.405860248,0.43003512,0.454743526,0.477220368,0.507444022,0.496982761,0.552558449,0.584999688,0.617687161,0.638394241,0.670510125,0.667567339,0.663681918,0.687475693,0.726228551,0.744283044,0.024860622,0.036498118,0.001274678
Peru,0.201675337,0.245395376,0.249736801,0.254293801,0.25609557,0.26428486,0.276149971,0.247315102,0.284076483,0.329223089,0.33902454,0.34442183,0.346499505,0.344728788,0.358713043,0.383268845,0.402401901,0.402037987,0.355361619,0.374616335,0.371452135,0.397534673,0.427185432,0.416933268,0.382848059,0.378705952,0.375328739,0.366472059,0.398859259,0.434040511,0.473409862,0.489552006,0.493813976,0.495521408,0.50987943,0.524844653,0.518146402,0.53053914,0.522850884,0.557131121,0.58264642,0.587076164,0.643739494,0.694732644,0.71196828,0.80227694,0.905627732,0.916688933,0.938600375,0.959268643,1.021.487.488,1.085.283.637,1.087.494.338,1.140.992.303,116.148.768,0.017962765,0.050863967,0.001989193
Trinidad & Tobago,0.121052354,0.128798581,0.137296204,0.141531435,0.145952232,0.160850095,0.162524353,0.224026671,0.222209095,0.214035686,0.172458692,0.193916248,0.201746506,0.203124808,0.179465763,0.172582117,0.182242416,0.214042159,0.208838454,0.205853046,0.212742638,0.221186095,0.208803314,0.229474171,0.225758312,0.250513578,0.249762619,0.264362451,0.27866134,0.295308054,0.320249838,0.362859142,0.362763794,0.368220821,0.40925375,0.427777586,0.46155165,0.50086088,0.56154734,0.617535946,0.662141483,0.773367967,0.797492037,0.785760022,0.779248109,0.841930443,0.826822282,0.813959147,0.829062216,0.824801142,0.800287356,0.710035916,0.753425794,0.71344838,0.713720141,0.000380912,-0.009607683,0.001222335
Venezuela,0.688461987,0.695004221,0.732681572,0.789985563,0.798485535,0.805463652,0.818085364,0.864586492,0.989645522,1.022.913.468,1.063.254.158,1.162.062.483,1.294.851.427,1.323.202.733,1.458.366.588,1.632.995.049,1.694.081.348,1.727.425.281,171.982.526,1.752.430.084,1.798.970.846,1.932.255.062,1.927.042.502,2.005.900.578,2.022.655.681,2.148.937.218,2.158.771.921,2.336.915.246,2.311.735.267,2.509.695.661,2.585.436.265,2.517.165.499,2.660.732.964,2.823.658.955,2.723.395.827,2.777.444.365,2.943.988.634,2.937.563.229,2.637.728.442,2.939.637.265,3.067.399.719,3.410.002.769,3.430.588.808,3.545.639.466,3.530.333.341,3.328.708.662,3.480.513.761,3.623.217.045,3.533.462.347,3.414.756.911,3.294.575.563,2.989.410.573,2.855.198.209,245.407.331,2.226.839.267,-0.092594643,-0.036128152,0.003813741
Central America,0.182447279,0.185568238,0.196378601,0.201721731,0.215626517,0.224910419,0.23536841,0.256604331,0.269188676,0.276938293,0.303732559,0.315915924,0.319125072,0.333941238,0.341680704,0.332305165,0.336588544,0.335257383,0.336066868,0.339861913,0.348081169,0.360573818,0.384022384,0.381112171,0.405224416,0.419473384,0.444110254,0.486828505,0.522737107,0.554636865,0.598554594,0.607756251,0.64115667,0.711680375,0.735605536,0.768289155,0.79470535,0.806253649,0.842595055,0.866133639,0.87558381,0.921613309,0.965868414,0.98962713,0.971011306,1.011.050.911,1.062.634.386,1.100.076.441,1.109.596.117,114.573.234,1.247.878.332,1.303.080.895,1.341.144.658,1.396.077.793,1.416.958.659,0.014956807,0.035008229,0.002426719
Other Caribbean,0.79212356,0.82040281,0.853756302,0.872188823,0.894218901,1.023.813.626,1.058.880.209,1.130.280.717,1.218.605.193,1.211.736.526,1.178.788.965,1.201.134.805,1.260.209.857,1.293.669.256,1.334.596.928,1.499.631.256,1.516.097.619,1.325.336.891,1.275.794.399,1.351.241.861,1.270.850.901,1.252.440.577,1.302.493.702,131.640.339,1.368.237.061,1.348.858.497,1.317.976.831,1.249.662.576,1.251.367.462,1.309.109.133,1.311.016.022,1.358.943.948,143.773.244,1.491.815.093,1.452.206.372,1.647.010.659,1.679.524.033,1.705.688.269,1.739.348.167,1.755.369.499,1.758.947.442,1.803.232.037,1.746.672.311,1.686.257.929,1.574.145.723,1.556.945.138,1.575.599.805,1.568.244.176,1.537.296.965,1.518.721.598,1.556.121.159,1.606.562.432,1.572.166.652,1.633.509.801,1.682.142.249,0.029771752,-0.003173043,0.002880879
Other South America,0.111893827,0.128061023,0.136593549,0.141236629,0.151546202,0.158620409,0.175126766,0.194195628,0.200986884,0.186326811,0.205369635,0.208094256,0.221356884,0.250349961,0.26095573,0.27588802,0.259377884,0.250691416,0.238982429,0.241168531,0.283071385,0.371180376,0.438085362,0.465124434,0.510176547,0.551908855,0.58298605,0.590972884,0.639967257,0.716217588,0.803557362,0.84125822,0.913176195,0.949730813,0.949509202,0.93277125,0.86330155,0.892475072,0.934143551,0.918356017,0.927255107,0.92657934,0.996079689,1.024.277.357,1.054.152.503,1.103.433.442,1.121.483.182,1.149.250.592,1.187.659.452,1.154.633.825,1.186.498.482,1.271.634.458,1.267.671.462,1.276.416.502,1.217.054.911,-0.046506443,0.022250858,0.002084359
Total S. & Cent. America,4.803.843.752,5.083.908.385,5.290.255.646,5.608.899.754,58.586.777,6.243.044.302,6.579.271.373,712.298.899,7.821.090.737,8.221.731.515,8.332.192.134,8.887.310.226,9.419.465.312,9.949.664.739,1.057.790.787,1.107.003.485,1.104.714.182,1.115.285.398,1.122.783.679,1.171.192.513,120.456.658,128.326.367,1.331.645.557,1.375.292.273,1.398.577.971,1.403.561.899,1.442.445.774,150.988.037,1.568.015.318,1.658.797.255,1.732.443.221,1.806.747.881,1.899.574.019,197.001.235,1.963.683.521,2.017.281.448,201.656.869,203.763.794,2.059.120.066,2.164.939.189,2.236.105.882,2.352.038.272,2.442.025.815,251.651.274,2.481.547.918,2.615.694.962,2.726.197.468,2.792.924.698,2.853.478.362,2.876.141.602,288.009.374,2.850.012.043,2.861.420.407,2.852.896.619,2.860.875.103,0.002796626,0.012625105,0.048996063
Austria,0.671817677,0.70278896,0.709890511,0.759537398,0.788149578,0.901201935,0.900251222,0.931419456,1.001.043.437,1.004.010.736,0.996477157,1.033.949.196,1.033.673.762,1.078.992.568,1.141.854.858,1.136.365.131,1.101.570.941,1.064.824.802,1.062.036.638,1.053.564.713,1.106.204.563,1.117.305.711,1.178.286.114,1.160.539.283,1.167.225.091,1.186.336.944,1.245.317.963,1.223.106.121,1.243.950.415,1.236.874.111,1.296.669.094,1.300.609.959,1.327.150.753,1.347.876.676,1.377.038.771,1.381.299.671,1.432.764.567,1.435.921.165,1.454.604.574,1.478.984.876,150.418.569,1.487.180.442,1.452.641.351,1.481.570.726,1.431.511.869,1.479.997.907,1.385.911.852,145.369.455,1.444.243.301,1.384.155.215,1.386.310.136,1.432.172.193,1.466.421.231,1.437.320.233,149.983.817,0.043496178,-0.003027647,0.00256866
Belgium,1.486.412.891,143.209.812,1.503.383.811,1.675.330.616,1.838.636.318,1.942.356.809,1.905.517.316,2.025.719.899,205.287.372,1.982.469.539,1.863.168.411,1.976.171.914,1.979.088.204,2.065.748.686,2.125.688.498,2.034.657.273,1.934.424.466,1.849.915.955,1.790.855.777,1.871.088.027,195.202.044,2.013.335.228,2.073.728.959,2.114.959.729,2.131.103.576,2.258.301.465,2.336.223.403,2.327.685.365,2.290.655.599,2.418.020.891,2.439.250.665,2.593.230.233,2.617.174.505,2.669.783.877,2.647.815.152,2.707.791.648,2.685.820.209,2.674.818.298,2.775.891.608,2.785.302.111,2.753.213.388,2.758.991.492,277.573.226,2.823.449.758,2.637.866.731,2.808.521.433,2.617.703.107,2.515.726.863,2.580.440.211,2.404.520.572,2.439.036.515,2.627.340.032,2.657.444.242,258.858.232,2.712.698.803,0.047947667,-0.008647305,0.004645836
Bulgaria,0.430442038,0.461538744,0.536321742,0.600133422,0.668657294,0.752302083,0.783389197,0.806194154,0.837406872,0.862568509,0.952994197,1.008.635.194,1.062.513.449,1.100.691.947,1.142.248.279,1.205.849.771,1.187.428.371,1.216.574.054,1.224.327.295,1.217.173.582,1.208.496.075,1.232.987.534,1.242.349.636,1.270.604.578,1.259.768.342,1.162.042.861,0.943607766,0.885659558,0.941376433,0.905915549,0.972445242,0.972112852,0.918096734,0.882149763,0.772059496,0.776628576,0.809564605,0.786672757,0.810172117,0.785012207,0.848452042,0.869041771,0.841830859,0.828233756,0.726834346,0.755842285,0.804055475,0.764082648,0.706541346,0.75189372,0.800208143,0.757617442,0.774321025,0.772556083,0.747159739,-0.03287314,-0.006934924,0.001279604
Croatia,n/a,n/a,n/a,n/a,n/a,n/a,n/a,n/a,n/a,n/a,n/a,n/a,n/a,n/a,n/a,n/a,n/a,n/a,n/a,n/a,n/a,n/a,n/a,n/a,n/a,0.359176448,0.301519725,0.287068683,0.299459952,0.301993513,0.312540982,0.334194578,0.332319391,0.351500616,0.362799409,0.343415695,0.360860952,0.362109274,0.379299091,0.393148474,0.389003557,0.384479001,0.387505824,0.384711453,0.378828128,0.384066546,0.336765794,0.312044371,0.340132265,0.339483325,0.322788778,0.335351586,0.336084426,0.351918889,0.340038107,-0.033760003,-0.008869716,0.000582358
Cyprus,0.016848902,0.019219077,0.020834117,0.023138106,0.027323257,0.028817385,0.034374652,0.038653286,0.041469013,0.036767103,0.030708828,0.031223014,0.035269141,0.036160147,0.0366942,0.037003194,0.035482297,0.042529651,0.044750447,0.04540496,0.048835367,0.050916378,0.062210971,0.064242021,0.065923317,0.069388329,0.070243764,0.082068048,0.08528464,0.085436497,0.090830423,0.092177344,0.093065842,0.09880778,0.103970444,0.108939979,0.11019475,0.108669371,0.115517882,0.112421635,0.125973455,0.123881822,0.125947779,0.129053119,0.125954896,0.122505021,0.12122221,0.113543083,0.101525648,0.101584035,0.104737152,0.113908463,0.116992854,0.116494944,0.116640826,0.001252259,-0.010185396,0.000199762
Czech Republic,1.686.161.532,1.698.867.062,1.672.561.413,1.744.665.257,1.819.146.129,1.895.634.032,1.992.544.758,2.003.828.014,2.015.895.149,2.037.043.744,2.120.308.178,2.179.690.303,225.106.561,2.282.668.718,2.306.514.381,2.233.460.885,2.217.081.276,2.191.338.982,2.194.808.212,226.798.378,2.271.841.859,2.296.259.384,2.347.826.779,2.358.113.605,2.285.869.651,1.964.823.054,1.788.189.039,1.735.186.944,172.090.646,1.675.122.514,1.745.844.282,180.604.958,1.731.831.671,1.681.162.025,1.611.449.083,1.703.295.883,1.741.612.166,1.745.844.351,1.845.214.108,1.890.836.862,1.861.894.554,1.897.270.371,1.876.111.154,183.947.212,176.336.332,183.665.024,1.796.346.829,1.784.907.261,1.750.147.921,1.711.066.585,1.681.683.375,1.655.952.627,1.730.060.331,1.726.898.144,170.519.564,-0.012567333,-0.006295283,0.002920361
Denmark,0.598333656,0.680597086,0.684428393,0.71518714,0.820953553,0.874746441,0.826671074,0.872416704,0.844074941,0.767914568,0.756848567,0.83318318,0.850264589,0.862607559,0.860876481,0.838630474,0.75326086,0.719948264,0.684320606,0.695763553,0.784030544,0.801341025,0.772484519,0.763973762,0.704453164,0.726334511,0.837249863,0.783906713,0.830922359,0.891391295,0.87528667,1.041.554.391,0.944076582,0.909843069,0.881833825,0.846774396,0.848847587,0.846146739,0.911104818,0.86070528,0.830154369,0.915070546,0.866971904,0.834053869,0.784020547,0.823241133,0.776646767,0.718056479,0.75009772,0.72464182,0.699048241,0.705237261,0.709018503,0.700348936,0.696820713,-0.005037808,-0.017320181,0.001193393
Estonia,n/a,n/a,n/a,n/a,n/a,n/a,n/a,n/a,n/a,n/a,n/a,n/a,n/a,n/a,n/a,n/a,n/a,n/a,n/a,n/a,0.426429403,0.424378271,0.430798859,0.423478313,0.436410206,0.433501725,0.39114391,0.283378584,0.224769133,0.227071578,0.211940972,0.223452689,0.221008523,0.20678222,0.189610234,0.194015303,0.201696274,0.200478482,0.217853901,0.227655366,0.224181482,0.220635485,0.250112343,0.238930051,0.212263655,0.256786231,0.264598095,0.267636003,0.276969536,0.270167703,0.252290262,0.253829795,0.28028405,0.296818523,0.238683624,-0.195860077,0.021932056,0.000408776
Finland,0.409418444,0.466217208,0.490205095,0.533344056,0.588071488,0.64800601,0.664802123,0.701461717,0.773577078,0.740386049,0.752627853,0.800426263,0.844564117,0.87829738,0.948593616,0.944694478,0.950087974,0.93798964,0.928373249,0.96784828,1.016.640.274,102.842.808,1.082.383.229,1.075.514.158,1.080.525.473,115.114.607,1.174.536.499,116.774.456,1.181.670.184,1.243.256.867,1.184.076.683,1.241.024.386,1.253.363.377,1.297.021.625,1.273.406.204,1.282.291.377,1.310.933.555,1.324.029.548,1.420.099.161,1.406.980.435,1.278.782.018,1.369.258.842,1.365.730.879,1.317.473.297,1.222.608.791,1.329.618.776,1.237.690.304,1.198.196.777,1.205.864.579,1.161.523.787,1.151.836.741,1.180.491.482,1.141.966.264,1.147.113.717,1.097.685.596,-0.04308912,-0.013751251,0.001879924
France,468.432.286,4.794.175.689,51.072.051,538.903.249,5.940.526.753,6.451.739.731,6.713.648.771,717.782.359,7.797.147.438,7.651.406.324,7.202.792.106,7.678.080.129,7.762.289.556,8.114.521.733,8.354.651.124,8.245.627.814,8.154.019.414,7.850.665.457,8.040.824.472,8.306.439.085,8.578.297.753,8.786.792.732,8.943.793.307,9.058.563.473,9.184.350.008,9.463.120.403,1.005.903.052,1.013.537.877,101.337.899,9.999.598.523,1.023.978.673,106.252.165,1.048.061.223,1.072.641.859,1.090.983.834,1.104.986.384,1.118.079.103,1.107.024.243,1.118.586.566,1.127.723.834,1.121.507.716,1.112.135.031,1.092.448.977,1.095.474.666,1.034.460.923,1.065.156.767,1.023.909.423,1.022.490.208,1.031.271.036,9.870.934.549,9.923.426.617,9.761.657.017,9.700.114.125,987.124.512,967.913.577,-0.019461512,-0.01036064,0.01657673
Germany,1.067.897.125,1.070.583.539,1.067.894.604,1.140.220.331,1.230.129.169,129.855.785,1.310.529.366,1.356.071.391,1.434.047.533,1.408.880.431,1.353.456.942,1.444.366.533,1.440.381.054,1.492.458.913,1.575.326.077,1.523.404.609,147.564.071,1.423.354.342,1.443.548.377,1.496.436.078,1.540.168.897,1.527.440.851,1.540.247.992,1.545.162.762,1.528.751.829,150.473.425,1.468.166.969,1.438.491.308,1.432.110.227,1.418.576.112,1.425.781.717,1.472.924.631,1.453.709.927,1.442.228.103,1.421.750.647,1.430.741.212,1.456.011.357,1.436.718.806,143.533.407,1.433.946.814,141.659.172,1.451.322.843,1.389.002.168,1.402.825.473,1.315.429.711,1.370.618.966,1.320.216.248,1.336.885.139,1.374.595.931,1.316.627.917,1.339.985.761,1.361.972.299,1.378.398.327,1.343.934.242,1.313.989.997,-0.022281034,-0.004279525,0.022503722
Greece,0.284409496,0.310824108,0.342360876,0.356015359,0.375672919,0.417204996,0.497366772,0.558132225,0.642726858,0.628262611,0.71254281,0.787453597,0.816644469,0.830329686,0.728630797,0.721791189,0.705265568,0.714761976,0.719565936,0.751049009,0.793468257,0.794881294,0.869694812,0.918634954,0.996224491,1.049.071.389,1.057.263.073,107.304.024,1.089.833.007,1.108.872.908,1.148.848.205,1.180.057.773,1.212.453.616,1.288.134.988,1.285.998.495,1.356.178.134,1.369.310.347,1.374.960.146,144.523.118,144.755.512,1.455.696.174,1.504.593.426,1.533.692.225,1.479.230.201,1.430.948.481,1.361.821.864,1.327.020.093,1.255.328.689,1.188.486.933,1.118.798.229,1.126.271.694,1.107.897.905,116.719.634,1.161.222.401,1.145.549.534,-0.013496869,-0.023914269,0.001961897
Hungary,0.66586311,0.674801754,0.643959836,0.668123772,0.715483514,0.770846088,0.795887305,0.821729805,0.889833422,0.917088901,0.970882981,1.037.250.587,1.090.630.635,1.166.446.592,1.155.043.979,115.854.737,1.146.783.299,1.151.874.844,1.131.496.456,1.161.935.472,11.986.788,1.192.871.952,1.245.481.764,1.216.162.222,1.184.569.339,1.171.114.467,1.095.136.959,1.032.564.704,1.017.883.767,1.031.294.515,1.037.961.618,1.056.611.178,1.027.356.924,1.038.619.178,1.040.609.009,100.717.221,1.036.074.418,1.021.194.529,1.028.072.656,1.035.410.205,1.106.103.426,1.089.712.158,1.074.402.342,1.058.412.145,0.970659654,0.99074383,0.985689072,0.91493848,0.869509717,0.87178023,0.915572617,0.930890782,0.976669413,0.98335977,0.993295486,0.010103846,-0.007328022,0.001701143
Iceland,0.026885552,0.028224689,0.02793743,0.029560845,0.029404478,0.035459835,0.038594848,0.041956171,0.050653049,0.049330126,0.047306691,0.048870111,0.051696424,0.05398427,0.056245235,0.056922448,0.058035252,0.059411945,0.06131174,0.064532591,0.063876404,0.066773703,0.06890752,0.072669097,0.075267644,0.075336456,0.073538412,0.076136629,0.079094712,0.07997921,0.082536044,0.087458411,0.091615879,0.099088916,0.108539063,0.115245086,0.116436554,0.120938071,0.121533359,0.124013146,0.124520442,0.136702882,0.156155275,0.194776357,0.194471331,0.194462794,0.194487863,0.196414186,0.202688496,0.202421054,0.211266011,0.212323952,0.222121455,0.229199428,0.21962642,-0.041767156,0.016407191,0.000376138
Ireland,0.242979458,0.272355431,0.295292644,0.344500969,0.345763378,0.272375863,0.283140603,0.298813688,0.314117321,0.319531546,0.2989855,0.305175377,0.325187948,0.338352036,0.373098107,0.360987694,0.352212338,0.349717695,0.344655754,0.34104269,0.357796026,0.386417174,0.390946463,0.38895349,0.40085074,0.420872165,0.435983349,0.43897679,0.448555513,0.466265959,0.475476162,0.502820936,0.524780977,0.564426742,0.597109795,0.621016833,0.658323772,0.653826829,0.636928265,0.645300917,0.673568358,0.68760394,0.708858741,0.705671317,0.643994307,0.642360921,0.607778366,0.601120971,0.589106789,0.587797494,0.622644958,0.648798767,0.650985117,0.665388538,0.663275137,-0.00317619,-0.005860603,0.001135942
Italy,3.313.500.382,3.599.221.059,3.901.261.488,4.217.899.294,45.430.432,5.018.087.401,5.285.706.688,5.543.617.118,5.789.507.085,5.786.941.551,5.662.812.547,5.979.511.271,5.991.596.973,6.143.082.964,6.336.270.423,6.173.492.865,6.045.334.218,592.475.987,5.800.046.038,5.889.991.958,5.866.907.897,6.026.998.503,620.981.516,6.362.649.933,6.545.531.974,6.574.578.073,6.723.309.829,6.718.823.668,6.611.313.238,6.599.148.131,6.870.540.029,6.879.929.952,697.646.724,7.162.009.318,7.387.889.436,7.492.692.012,7.531.196.567,7.470.848.306,7.715.526.251,7.855.560.478,7.863.894.574,782.689.804,7.680.381.822,7.573.920.045,7.070.730.887,7.284.541.226,7.115.247.554,6.921.378.373,6.593.795.765,623.078.932,6.368.685.871,6.430.576.101,6.493.947.022,6.529.209.499,6.373.514.819,-0.02384587,-0.014732883,0.010915441
Latvia,n/a,n/a,n/a,n/a,n/a,n/a,n/a,n/a,n/a,n/a,n/a,n/a,n/a,n/a,n/a,n/a,n/a,n/a,n/a,n/a,0.380717397,0.353630887,0.322055839,0.304268569,0.303806174,0.308377893,0.284733461,0.203698407,0.175104521,0.169310782,0.15855073,0.148074112,0.148473801,0.160877445,0.137159399,0.134093117,0.14458948,0.146113714,0.144387226,0.161975168,0.166900366,0.158606301,0.163560911,0.164451762,0.155588751,0.176571588,0.157646615,0.162463799,0.156408952,0.143899792,0.147223629,0.156606803,0.17129153,0.155663279,0.158839488,0.020404358,-0.005477154,0.000272032
Lithuania,n/a,n/a,n/a,n/a,n/a,n/a,n/a,n/a,n/a,n/a,n/a,n/a,n/a,n/a,n/a,n/a,n/a,n/a,n/a,n/a,0.648202906,0.59785125,0.626596205,0.656947314,0.71103184,0.722865248,0.76446958,0.467289935,0.365158572,0.315722589,0.352151737,0.383025706,0.353423333,0.37898315,0.315404663,0.278894304,0.325838239,0.347331462,0.364120199,0.367272189,0.334082622,0.320201508,0.350233698,0.347119807,0.318482339,0.235863757,0.244789055,0.245750527,0.226571556,0.218515671,0.228185424,0.232118752,0.244967326,0.246075439,0.244833267,-0.005047932,-0.033818122,0.000419308
Luxembourg,0.150438852,0.144155815,0.141968564,0.153549955,0.165261413,0.171596814,0.165008889,0.170151879,0.18038415,0.183169792,0.152152272,0.152408001,0.142209161,0.147952616,0.152075173,0.140182329,0.119875181,0.112313603,0.104988113,0.113114731,0.116165438,0.113549922,0.107295707,0.109965176,0.1263476,0.133680699,0.143668409,0.14409146,0.145982697,0.140359055,0.122078715,0.125575656,0.122890171,0.118649117,0.125400174,0.133806104,0.14338891,0.156772811,0.164408829,0.186236861,0.189005446,0.185634472,0.180209903,0.178871918,0.171060733,0.180129814,0.175477904,0.172275286,0.16409903,0.158944805,0.154474515,0.152434447,0.158917921,0.16634387,0.169996907,0.021960759,-0.007234986,0.000291141
Netherlands,1.490.256.337,1.596.158.762,1.687.680.101,1.887.809.229,2.105.164.568,2.375.192.768,2.504.691.211,2.909.227.316,3.094.615.969,2.936.741.619,2.960.328.511,3.228.590.364,3.170.639.956,3.234.370.381,3.341.540.521,3.137.471.672,2.975.154.598,275.066.374,2.763.924.185,2.869.704.771,296.075.515,3.107.370.509,3.171.349.443,3.181.685.512,3.196.202.512,3.276.801.307,3.339.069.128,3.378.710.639,3.406.769.359,337.003.964,3.507.219.308,365.840.553,3.592.794.292,3.617.712.316,3.573.627.481,3.620.071.964,3.758.873.771,3.759.594.357,378.503.725,3.911.615.848,3.992.328.555,3.910.303.384,3.976.443.919,3.926.387.206,3.869.513.197,4.095.415.115,3.919.860.919,3.791.518.933,3.678.379.377,3.474.206.948,3.516.661.634,3.578.942.566,3.530.837.626,3.526.102.139,351.116.877,-0.004235093,-0.010695063,0.006013316
North Macedonia,n/a,n/a,n/a,n/a,n/a,n/a,n/a,n/a,n/a,n/a,n/a,n/a,n/a,n/a,n/a,n/a,n/a,n/a,n/a,n/a,n/a,n/a,n/a,n/a,n/a,0.106457673,0.105463634,0.108305914,0.108669322,0.101942141,0.102627314,0.119260758,0.107468389,0.121427651,0.116118141,0.11029694,0.104087191,0.101619297,0.114242775,0.112745699,0.116236515,0.118097241,0.117603137,0.113716993,0.111762665,0.120534321,0.120844108,0.112308745,0.107496,0.099908193,0.104910987,0.108850424,0.105103184,0.10455202,0.111878226,0.070072354,-0.008367605,0.000191605
Norway,0.743618197,0.761969495,0.817667682,0.915757743,0.919025854,0.963150501,1.011.705.797,1.072.697.328,1.135.750.796,1.144.168.095,1.161.145.527,1.242.469.593,1.146.474.191,1.286.591.158,1.376.328.305,1.310.102.472,1.380.724.461,1.364.041.869,1.496.964.648,1.516.455.749,1.501.541.178,1.467.330.445,1.540.203.152,1.586.078.621,1.688.245.621,1.704.955.849,1.573.084.192,1.656.221.137,1.709.864.078,1.653.680.853,1.752.808.686,1.612.698.083,1.695.162.842,1.761.907.102,1.806.900.467,1.997.933.181,1.812.372.622,1.883.353.656,1.667.874.647,1.698.235.239,1.933.103.184,1.772.621.966,1.900.797.564,1.945.515.696,1.798.169.479,1.737.356.483,1.756.145.007,1.945.539.179,1.820.617.774,1.869.824.456,1.894.106.952,1.914.234.825,1.921.845.243,1.904.256.925,1.766.811.703,-0.072177877,-0.002141226,0.003025886
Poland,2.793.174.838,2.847.606.704,2.930.796.512,3.154.201.786,3.369.190.036,355.528.559,3.667.753.764,3.868.461.884,3.940.958.053,4.070.803.236,4.391.371.144,4.626.544.029,4.823.837.591,5.064.854.979,5.140.185.296,5.382.382.986,4.852.721.255,4.941.613.239,4.964.126.143,5.160.677.617,527.740.528,5.426.387.694,5.602.524.825,5.495.561.878,528.909.226,4.356.190.878,42.619.471,4.075.489.969,4.073.600.109,389.825.388,3.990.083.164,4.188.775.396,4.147.627.759,3.973.297.536,3.896.117.604,3.661.396.693,3.635.452.602,3.596.302.969,3.721.307.852,3.745.534.885,3.827.531.752,4.016.109.668,4.003.199.371,4.071.193.201,392.461.158,418.257.909,4.203.156.614,4.075.133.464,4.086.717.533,3.934.625.108,3.975.768.608,4.150.786.288,431.524.533,4.383.125.851,4.276.775.197,-0.024263655,0.007409919,0.007324512
Portugal,0.176512104,0.192701392,0.206179435,0.210143167,0.227189705,0.272754726,0.300549884,0.326557391,0.361180577,0.378017137,0.376490059,0.373597371,0.42062325,0.442815345,0.469771307,0.458049814,0.451561463,0.487702481,0.50439752,0.524602839,0.534570948,0.56757252,0.580563839,0.642883348,0.698957264,0.70753405,0.73438831,0.744922416,0.764146684,0.79061454,0.868669152,0.891864742,0.90580936,0.989070805,1.015.250.304,1.046.594.518,1.060.315.978,1.055.883.301,1.079.484.234,1.061.648.438,1.061.981.845,1.049.434.681,1.057.082.116,1.020.847.692,1.027.143.548,1.077.303.233,1.028.736.928,0.940491606,1.027.887.529,1.034.686.262,1.028.759.853,1.082.959.079,1.074.120.933,1.076.967.991,104.286.654,-0.031664312,0.005365978,0.001786039
Romania,1.002.746.876,1.069.503.811,1.193.288.356,1.269.719.367,1.459.492.346,1.553.449.922,1.647.935.798,1.735.055.623,1.888.096.533,1.900.714.626,207.299.968,22.352.029,2.369.756.825,2.551.866.351,2.602.023.439,2.626.494.788,2.632.696.411,2.610.537.612,259.345.716,2.573.887.438,2.565.452.394,2.621.323.996,2.718.389.513,2.766.554.383,2.772.093.662,2.639.412.175,2.238.587.532,1.974.874.528,1.918.559.791,180.904.631,1.986.519.893,1.974.583.039,1.871.497.254,17.105.049,1.503.297.594,1.502.487.384,1.519.649.398,1.577.310.709,1.579.050.681,1.634.816.386,1.636.073.243,1.670.872.295,1.612.787.044,1.615.922.728,1.411.226.371,1.421.460.963,1.458.856.979,1.403.235.741,1.305.353.628,1.351.937.874,1.358.398.701,1.358.508.407,1.383.271.743,1.409.159.002,1.370.934.105,-0.027126036,-0.013598007,0.002347896
Slovakia,0.383176216,0.396726644,0.399011964,0.440585625,0.460377761,0.508971822,0.545960106,0.574159779,0.597475395,0.628238139,0.657776075,0.682378403,0.717124806,0.752560263,0.774090882,0.786155174,0.780060944,0.77169506,0.773797433,0.833710487,0.859418422,0.851736295,0.870923573,0.875416767,0.887753424,0.890272211,0.796456217,0.765846117,0.751207124,0.739117461,0.749489466,0.75518249,0.741353772,0.749072071,0.754948769,0.779165451,0.801357398,0.807724237,0.783557825,0.762827735,0.804086094,0.77548853,0.727362198,0.752694872,0.685295654,0.729668646,0.70157589,0.673732002,0.690378919,0.643107667,0.649154417,0.651866664,0.689400163,0.678508557,0.657292429,-0.031268771,-0.010322636,0.001125695
Slovenia,n/a,n/a,n/a,n/a,n/a,n/a,n/a,n/a,n/a,n/a,n/a,n/a,n/a,n/a,n/a,n/a,n/a,n/a,n/a,n/a,n/a,n/a,n/a,n/a,n/a,0.246559843,0.24648132,0.23050987,0.23716006,0.252235081,0.265065802,0.278022235,0.284682391,0.28525607,0.282110648,0.279452708,0.292227877,0.290943166,0.285591783,0.302718829,0.303086486,0.305872822,0.30429658,0.332792844,0.30699399,0.307632878,0.298919512,0.290217424,0.28666433,0.293097222,0.265246959,0.283338047,0.286709331,0.292289068,0.280261949,-0.041148028,-0.012893846,0.000479984
Spain,1.201.962.517,1.356.903.756,1.466.934.544,1.543.117.538,1.744.827.701,1.885.351.874,2.074.775.816,2.242.428.942,2.461.112.073,2.561.172.119,2.633.977.264,2.818.938.959,2.911.105.211,2.922.580.464,314.615.759,3.172.538.449,320.233.617,3.198.079.286,3.273.326.988,3.320.407.431,3.293.090.737,3.364.140.636,3.487.520.305,3.636.630.861,382.077.549,3.819.150.387,3.953.572.543,4.150.020.144,4.011.772.128,419.999.195,4.364.521.815,4.527.993.083,4.781.276.923,5.009.042.137,5.169.110.545,546.387.958,5.713.795.354,5.782.654.518,6.119.392.376,6.365.489.246,642.090.182,6.511.079.218,6.640.876.606,6.452.499.088,5.965.156.773,6.112.694.714,5.997.963.047,5.965.188.129,5.646.698.288,5.538.923.077,5.612.640.838,5.664.963.017,5.739.024.482,5.818.433.192,572.135.039,-0.016685386,-0.010290338,0.009798528
Sweden,1.384.679.069,1.479.169.534,1.513.373.786,1.618.612.114,1.622.980.935,1.724.530.037,1.749.343.209,1.801.469.023,1.903.753.288,1.760.454.652,1.865.885.732,1.986.541.022,1.959.996.895,2.282.247.534,2.407.555.046,22.629.525,2.241.885.058,2.132.209.334,2.112.913.551,2.234.480.888,2.428.768.074,2.523.553.791,2.462.961.148,2.406.280.943,2.351.306.723,2.391.975.666,2.269.437.809,2.282.417.257,225.721.101,2.264.908.094,2.286.218.702,2.229.767.483,2.299.030.026,2.488.810.704,2.416.571.828,223.265.695,2.396.926.439,2.247.366.694,2.158.526.442,2.318.026.413,2.377.267.923,2.235.326.599,2.264.132.488,2.225.518.176,203.785.125,2.159.398.815,2.133.059.236,2.259.419.396,212.104.562,2.110.852.911,217.609.937,2.141.572.724,2.210.075.923,2.166.539.791,224.172.864,0.034704578,-0.002682241,0.003839241
Switzerland,0.641339269,0.688221126,0.734738985,0.772910947,0.800908432,0.877435611,0.898471702,0.887360509,0.981034002,0.936052775,0.969476677,0.928909289,1.028.363.835,1.014.449.272,1.011.044.831,1.081.092.985,107.837.455,1.055.627.574,1.099.328.052,1.067.091.598,1.139.555.006,1.196.773.362,1.188.254.439,119.684.903,1.120.510.818,11.689.252,1.199.809.388,1.218.966.235,1.214.899.789,1.275.477.229,1.209.515.051,1.171.409.943,1.250.759.141,125.822.388,1.312.070.696,1.280.944.975,136.730.564,1.274.453.945,1.260.756.192,1.242.834.946,1.193.428.704,1.242.050.646,1.225.183.485,1.266.485.067,1.263.049.284,1.229.256.165,1.167.290.538,1.231.523.275,1.264.096.799,1.205.027.826,1.178.408.092,1.108.653.302,1.111.295.856,1.128.037.163,1.130.160.823,0.001882615,-0.011509879,0.001935542
Turkey,0.32760504,0.376007913,0.388962254,0.45282054,0.494408629,0.525853943,0.582655172,0.650804914,0.738196487,0.752361258,0.837132633,0.941858385,1.031.245.472,1.090.058.466,1.027.288.507,1.067.067.557,1.075.978.432,1.174.112.698,1.215.646.835,1.279.067.186,1.382.161.031,1.506.861.178,1.714.512.827,1.879.892.847,1.851.817.977,2.008.242.027,2.050.684.846,215.465.371,2.338.425.407,2.265.985.588,2.534.792.482,2.763.991.117,2.892.677.975,2.965.655.133,2.891.996.599,3.092.636.238,2.812.534.583,3.072.964.157,3.254.493.057,3.480.042.787,3.563.472.851,395.332.349,4.205.131.597,4.220.822.126,4.275.953.466,4.501.385.009,4.810.274.341,5.106.205.355,5.066.828.767,5.231.756.664,5.723.226.513,6.010.745.012,6.372.652.633,628.904.831,6.490.251.816,0.031992679,0.040683785,0.011115368
Ukraine,n/a,n/a,n/a,n/a,n/a,n/a,n/a,n/a,n/a,n/a,n/a,n/a,n/a,n/a,n/a,n/a,n/a,n/a,n/a,n/a,9.991.999.514,1.003.854.926,1.025.191.594,1.025.607.936,9.814.565.343,1.141.614.671,1.056.940.208,9.209.604.206,7.797.748.291,659.237.017,6.352.801.352,6.116.402.028,5.772.507.867,5.647.491.743,5.674.500.545,569.326.557,5.617.965.612,5.568.900.525,5.704.553.156,5.709.616.307,5.734.360.628,5.812.515.041,5.778.058.636,559.243.231,4.746.890.131,507.792.206,5.274.471.536,5.142.086.511,4.877.403.525,4.288.918.496,3.550.745.353,3.721.956.357,345.635.447,3.542.447.494,3.405.326.079,-0.038708101,-0.044632928,0.005832047
United Kingdom,833.217.842,8.371.725.479,8.373.413.642,8.673.094.165,898.706.532,9.175.234.446,9.005.758.119,9.138.020.592,9.593.002.311,9.109.589.046,858.869.666,8.763.788.649,8.927.457.302,8.979.262.683,9.399.525.426,856.153.916,8.323.674.066,8.214.225.942,8.246.208.772,8.241.763.436,859.092.485,8.829.617.992,8.815.988.922,8.931.675.788,8.940.783.925,9.011.881.163,9.201.251.503,9.141.794.641,9.245.090.948,9.132.988.562,9.164.327.612,9.609.103.907,9.440.474.661,9.540.156.386,9.491.870.096,9.572.985.402,967.879.183,9.461.329.271,9.595.448.851,9.646.528.939,9.751.651.218,9.632.454.689,934.692.181,9.177.793.617,8.723.006.615,8.938.228.549,8.449.903.619,8.553.607.719,8.511.986.091,8.020.494.167,8.110.580.886,8.013.990.723,7.991.331.418,7.964.423.176,7.840.162.197,-0.015602006,-0.014080165,0.013427258
Other Europe,0.660904898,0.695369717,0.705137509,0.775988732,0.827786473,0.913427921,1.067.933.144,1.112.979.615,1.167.523.995,1.293.694.323,1.304.612.796,139.008.302,1.490.604.446,1.622.101.662,1.758.646.656,1.710.857.066,1.701.807.302,1.772.158.434,191.083.419,1.990.790.948,2.544.910.632,2.669.940.306,2.703.127.353,2.786.188.251,2.705.406.924,191.035.479,1.683.994.811,1.472.723.236,127.056.427,1.085.768.601,1.113.423.474,1.217.168.485,13.101.312,1.330.448.353,1.209.851.001,1.299.281.914,135.619.541,1.421.414.983,1.502.070.298,1.631.105.713,1.608.609.636,1.649.246.991,1.601.421.942,1.639.303.719,166.364.518,17.767.443,1.745.142.897,1.635.918.219,1.729.059.529,1.586.337.098,1.692.320.182,1.794.596.876,1.786.536.436,1.886.720.141,2.025.780.265,0.073704691,0.014156097,0.003469402
Total Europe,4.448.495.988,4.582.298.452,4.717.374.183,5.032.698.295,5.398.580.272,5.749.659.308,590.497.316,6.187.185.453,6.543.388.434,6.452.770.243,6.387.507.028,6.751.459.545,6.863.773.435,7.126.818.459,7.392.590.372,7.207.896.363,7.021.424.326,6.889.283.743,6.952.276.998,713.239.336,8.529.085.159,8.673.028.552,8.848.537.104,8.941.364.489,8.908.428.886,8.993.227.063,8.863.046.564,8.601.577.828,8.431.250.174,825.138.157,8.412.271.542,8.643.705.087,8.600.651.467,8.685.249.291,8.645.977.978,8.747.387.575,8.849.620.925,8.811.592.213,89.700.559,9.100.486.522,9.143.472.677,9.222.513.851,9.136.588.921,9.091.632.843,8.554.836.429,8.868.906.304,8.665.653.484,8.631.743.752,8.542.591.315,8.210.290.105,8.277.257.764,8.390.089.271,8.475.659.122,8.475.571.237,8.381.547.715,-0.011093473,-0.006992088,0.143544484
Azerbaijan,n/a,n/a,n/a,n/a,n/a,n/a,n/a,n/a,n/a,n/a,n/a,n/a,n/a,n/a,n/a,n/a,n/a,n/a,n/a,n/a,0.844204437,0.908828778,0.880717459,0.881449981,0.898858822,0.936020006,0.899273296,0.770024604,0.667472088,0.613472463,0.576874425,0.472941982,0.452735109,0.45436801,0.452659134,0.472575336,0.455579749,0.449820709,0.486586317,0.551770276,0.59818689,0.588587532,0.532438768,0.537610934,0.474969625,0.468492339,0.521187959,0.536969225,0.552088641,0.563048567,0.61559631,0.609654764,0.598066618,0.615406833,0.655724308,0.065513532,0.013606582,0.00112301
Belarus,n/a,n/a,n/a,n/a,n/a,n/a,n/a,n/a,n/a,n/a,n/a,n/a,n/a,n/a,n/a,n/a,n/a,n/a,n/a,n/a,1.468.944.446,1.677.005.199,1.701.416.811,1.725.844.987,1.669.165.459,1.600.447.602,1.583.153.715,1.497.843.887,1.199.601.113,0.999650579,0.907001345,0.929989615,0.939298024,0.919172996,0.894709804,0.919435453,0.89627906,0.922955518,0.918832301,1.034.919.803,1.031.223.997,1.095.371.555,1.069.646.901,1.082.258.602,1.026.011.585,108.940.011,1.083.264.525,1.170.509.345,1.032.247.511,1.065.730.438,0.968398704,0.963222808,0.982931099,1.048.380.401,1.057.608.206,0.008801962,-0.003175314,0.001811286
Kazakhstan,n/a,n/a,n/a,n/a,n/a,n/a,n/a,n/a,n/a,n/a,n/a,n/a,n/a,n/a,n/a,n/a,n/a,n/a,n/a,n/a,2.862.336.917,2.928.217.048,2.993.643.325,3.102.136.073,3.053.459.311,308.917.929,3.085.973.588,3.046.382.055,2.688.335.304,2.393.112.535,2.149.985.602,1.871.579.068,1.650.224.335,1.554.829.659,1.461.102.913,1.342.410.743,1.511.139.809,1.546.840.563,1.703.804.261,1.807.187.388,1.898.036.406,2.006.412.751,2.235.413.552,2.358.005.451,2.131.877.674,2.298.327.152,2.531.319.875,2.623.391.089,2.655.770.087,2.695.006.936,2.661.686.508,2.703.961.039,2.857.123.866,3.152.425.553,3.099.800.999,-0.016693353,0.029461249,0.005308797
Russian Federation,n/a,n/a,n/a,n/a,n/a,n/a,n/a,n/a,n/a,n/a,n/a,n/a,n/a,n/a,n/a,n/a,n/a,n/a,n/a,n/a,34.274.092,3.487.939.212,3.602.177.437,3.665.220.647,3.678.861.701,361.408.216,3.564.480.449,343.026.971,3.197.074.014,2.916.373.859,2.759.215.197,2.656.447.801,2.511.466.809,2.506.799.915,2.538.173.147,2.583.671.306,2.624.098.481,2.614.105.097,2.668.412.692,2.690.737.465,2.687.777.334,2.804.093.721,2.820.928.551,2.833.610.899,2.691.934.057,2.799.413.499,2.891.562.526,2.898.035.511,2.860.748.528,2.870.722.336,2.814.034.493,28.759.583,2.887.210.121,3.003.715.007,298.050.212,-0.007728059,0.005846829,0.051044825
Turkmenistan,n/a,n/a,n/a,n/a,n/a,n/a,n/a,n/a,n/a,n/a,n/a,n/a,n/a,n/a,n/a,n/a,n/a,n/a,n/a,n/a,0.515172723,0.641184735,0.637857656,0.642176931,0.659843768,0.546808175,0.561565125,0.5362938,0.440251957,0.469630704,0.386565568,0.563071721,0.43116661,0.536883884,0.512481773,0.431351343,0.544451406,0.459233189,0.63402576,0.627862019,0.635760249,0.642464229,0.623418882,0.511398427,0.833762516,0.898436604,0.997191837,1.087.073.577,0.965680333,1.000.934.855,1.198.159.358,1.186.344.711,117.396.594,1.314.254.598,1.447.293.266,0.10122747,0.098985625,0.002478671
USSR,2.484.781.168,2.642.269.544,2.777.392.921,2.880.501.928,3.007.281.121,3.163.451.214,3.318.995.888,3.488.352.351,3.667.406.575,386.988.393,4.061.547.515,4.219.438.242,4.408.184.893,4.598.043.532,4.723.965.693,4.829.129.004,4.931.850.173,5.055.466.095,5.161.728.953,5.355.185.685,n/a,n/a,n/a,n/a,n/a,n/a,n/a,n/a,n/a,n/a,n/a,n/a,n/a,n/a,n/a,n/a,n/a,n/a,n/a,n/a,n/a,n/a,n/a,n/a,n/a,n/a,n/a,n/a,n/a,n/a,n/a,n/a,n/a,n/a,n/a,n/a,n/a,n/a
Uzbekistan,n/a,n/a,n/a,n/a,n/a,n/a,n/a,n/a,n/a,n/a,n/a,n/a,n/a,n/a,n/a,n/a,n/a,n/a,n/a,n/a,1.734.027.847,1.706.273.868,1.740.493.447,1.846.862.251,1.875.566.335,1.827.853.942,1.850.996.371,1.760.372.216,1.895.039.813,1.861.494.868,1.826.251.656,188.387.631,186.462.654,1.866.292.664,2.108.597.592,2.142.330.987,2.147.687.472,2.197.294.176,2.041.601.479,2.066.691.776,2.010.395.999,1.870.829.767,1.985.316.639,1.867.688.794,1.875.118.571,1.861.817.314,1.951.101.034,1.903.423.244,1.911.059.197,1.985.773.004,1.890.120.741,1.781.111.604,1.788.180.525,1.828.838.652,178.368.832,-0.02468798,-0.00209985,0.003054789
Other CIS,n/a,n/a,n/a,n/a,n/a,n/a,n/a,n/a,n/a,n/a,n/a,n/a,n/a,n/a,n/a,n/a,n/a,n/a,n/a,n/a,140.141.139,1.336.281.536,1.375.415.886,152.065.905,1.456.096.864,1.466.680.589,1.222.599.816,1.033.757.238,0.822025002,0.687390021,0.600741507,0.646932226,0.612081021,0.609001214,0.583145277,0.562909876,0.552322025,0.551996897,0.580199293,0.625517806,0.650886158,0.655642269,0.703152134,0.676199706,0.654272014,0.665396991,0.711606494,0.741106696,0.705442058,0.72252425,0.71866522,0.72382757,0.75144321,0.811037398,0.834098499,0.02843408,0.01834888,0.001428498
Total CIS,2.484.781.168,2.642.269.544,2.777.392.921,2.880.501.928,3.007.281.121,3.163.451.214,3.318.995.888,3.488.352.351,3.667.406.575,386.988.393,4.061.547.515,4.219.438.242,4.408.184.893,4.598.043.532,4.723.965.693,4.829.129.004,4.931.850.173,5.055.466.095,5.161.728.953,5.355.185.685,4.310.018.976,4.407.718.328,4.535.131.895,4.637.133.575,4.640.160.757,4.560.781.121,448.483.664,429.473.709,3.968.346.542,3.618.848.976,3.403.957.207,3.293.286.893,3.106.479.973,3.100.854.758,3.139.442.796,317.077.268,3.234.844.433,3.226.919.202,3.304.917.634,3.362.132.371,3.370.226.304,3.490.024.531,3.535.867.239,3.536.927.091,3.391.535.256,352.760.055,3.671.129.698,3.704.282.829,364.297.731,3.674.024.142,3.619.297.177,3.672.770.549,3.702.381.247,388.074.935,386.832.348,-0.003201925,0.009320162,0.066249876
Iran,0.357083475,0.388701155,0.427042898,0.468930291,0.514075535,0.605229284,0.662375633,0.749891862,0.896716638,1.014.788.115,1.181.417.334,1.327.946.803,1.505.010.889,1.470.639.765,1.587.081.031,1.467.763.921,147.063.604,1.659.566.106,1.970.569.529,2.129.458.837,2.324.069.585,2.175.837.379,2.333.341.194,2.464.907.992,2.697.272.535,3.035.433.873,3.295.126.677,3.615.965.381,3.336.982.403,3.747.898.504,3.970.402.739,4.293.071.126,4.439.701.988,459.109.026,4.900.090.785,5.148.293.195,54.317.038,5.905.469.507,60.342.468,6.616.462.866,7.096.009.314,7.753.815.543,8.299.221.866,8.619.584.456,8.906.989.733,8.935.285.397,9.337.494.698,941.042.923,98.516.317,1.028.040.731,1.021.876.255,107.928.668,1.130.491.459,1.183.123.729,1.234.389.805,0.04333112,0.03217749,0.021140469
Iraq,0.073279832,0.081786922,0.082673441,0.088386107,0.103699129,0.131474462,0.144136227,0.170831466,0.16673071,0.164354863,0.180713434,0.230836613,0.238002658,0.229022729,0.287388946,0.342129508,0.339935799,0.355079118,0.392852919,0.431026876,0.509479,0.56530648,0.678807395,0.791369247,0.886839322,0.821517983,0.55213547,0.869101718,1.179.181.959,1.350.111.004,1.325.950.377,1.375.561.193,1.611.410.035,1.130.743.287,0.848671112,1.080.556.728,1.215.647.349,1.148.758.698,1.063.133.308,1.134.750.915,1.087.899.437,1.111.259.308,1.178.438.039,1.221.959.173,1.364.113.061,1.453.514.827,1.536.093.095,1.633.310.368,1.759.250.612,1.683.306.385,1.678.640.396,1.940.508.339,1.912.465.557,2.004.711.018,2.226.569.607,0.110668614,0.050750265,0.003813279
Israel,0.167297084,0.175170527,0.182860633,0.19160803,0.199756871,0.207613585,0.216030273,0.225410184,0.235848674,0.240928535,0.248207209,0.262045857,0.273862046,0.291894051,0.31942711,0.340358538,0.346307025,0.360036827,0.362898045,0.368116799,0.357835114,0.376304438,0.416588116,0.445923291,0.461952538,0.478969228,0.496935219,0.541480745,0.573555674,0.627874819,0.700644137,0.737547281,0.723725827,0.773613646,0.80420733,0.841337064,0.837425984,0.850090629,0.87379504,0.884405847,0.913120266,0.911931086,0.962110568,0.977362668,0.93599269,0.992137991,1.015.562.372,1.060.465.656,0.984472494,0.96767935,1.020.842.436,1.037.982.082,1.084.904.863,108.622.543,1.126.056.236,0.036669005,0.010616587,0.001928512
Kuwait,0.291914274,0.305805135,0.311850961,0.328499575,0.337038238,0.274717155,0.274618491,0.305396797,0.304739847,0.292631028,0.263014662,0.310301802,0.31644641,0.346433003,0.420448275,0.317185118,0.401721347,0.401801977,0.4434495,0.47271145,0.460887431,0.522818332,0.486791529,0.552661766,0.601026738,0.285040734,0.162497527,0.296321959,0.399609667,0.491100984,0.613201131,0.607212043,0.632166882,0.768058711,0.792063982,0.826657513,0.839540693,0.855114965,100.527.469,1.126.191.532,1.246.852.326,1.178.143.601,1.144.562.529,1.245.020.781,1.300.569.199,1.410.280.599,1.415.110.057,1.572.246.941,1.629.844.324,1.494.802.857,1.622.150.591,1.685.465.523,1.577.496.244,1.571.922.965,1.637.604.678,0.041784308,0.02358866,0.002804603
Oman,0.019050981,0.019873001,0.020735214,0.021682377,0.02258616,0.023621453,0.05569741,0.06363798,0.05535329,0.05086038,0.04645691,0.05348303,0.051523808,0.059912555,0.069023617,0.06141016,0.064900791,0.085975018,0.080460311,0.116976941,0.120855676,0.113254447,0.127566846,0.123800676,0.140471505,0.17591037,0.233525688,0.224967235,0.215416829,0.204625984,0.237238755,0.244020728,0.250965508,0.257929664,0.296933594,0.412296687,0.455348674,0.495525619,0.513287913,0.476793619,0.573575165,0.62663835,0.624761293,0.733616837,0.734979032,0.863550634,0.943388993,1.025.585.383,1.146.018.337,1.140.919.062,1.205.314.057,1.209.841.329,134.286.608,1.486.426.083,1.513.975.549,0.018534031,0.07316723,0.002592872
Qatar,0.005079899,0.005114512,0.007327358,0.023182431,0.036427104,0.041492474,0.04133249,0.045723369,0.064875657,0.056563846,0.084403252,0.054216505,0.075539551,0.072462458,0.181317838,0.207336431,0.194567177,0.23524621,0.246519546,0.278813412,0.283556148,0.310259694,0.30936685,0.285006006,0.304535219,0.310665285,0.350240573,0.538865754,0.572791335,0.5774653,0.58103017,0.432032078,0.461069987,0.49319671,0.55088724,0.483868246,0.471578734,0.532705495,0.598766042,0.701891777,0.807802284,0.851048441,0.93066059,1.029.193.175,1.039.829.024,1.209.662.639,1.399.930.565,1.588.838.882,1.708.795.118,183.577.853,2.047.361.826,199.542.578,1.922.496.193,1.991.050.608,2.022.910.772,0.016001684,0.068214675,0.003464488
Saudi Arabia,0.846502378,0.85795774,0.870353602,0.883864971,0.898785969,0.946279629,0.947778834,1.015.808.642,1.083.601.272,1.149.673.571,0.911739071,1.054.059.498,1.244.745.027,1.387.208.628,1.680.635.832,1.511.788.794,1.804.542.325,1.987.841.349,2.152.825.343,2.575.163.015,2.627.086.698,2.824.817.354,2.994.302.021,3.133.033.476,3.083.607.983,3.342.058.356,3.500.873.117,3.534.367.733,3.610.306.188,4.174.489.583,4.068.021.106,4.206.880.351,4.285.081.135,4.509.277.152,4.591.641.508,4.805.656.632,512.048.678,5.333.067.761,5.649.177.708,6.128.901.614,6.532.235.257,6.781.884.487,7.076.901.551,7.717.209.823,8.133.691.076,8.916.432.842,9.204.256.893,9.757.834.666,9.798.092.285,1.050.251.986,1.083.413.567,1.097.679.614,1.100.611.504,1.090.827.431,1.103.553.363,0.01166631,0.035212659,0.018899731
United Arab Emirates,0.003076319,0.003283348,0.019464321,0.025000967,0.025088131,0.034580128,0.05269691,0.05634054,0.0730552,0.08026384,0.08589315,0.10868485,0.1786734,0.20631964,0.2425341,0.389805221,0.455552746,0.492733183,0.474075251,0.590755254,0.73235179,0.887068956,0.990191681,1.093.730.439,1.231.627.587,1.249.265.418,1.522.731.834,1.471.901.879,1.532.129.947,1.681.106.643,1.754.217.302,1.808.120.912,188.769.323,1.932.171.323,1.947.849.056,1.939.936.368,196.135.616,2.143.381.312,2.285.479.315,2.443.905.498,2.549.654.469,2.682.358.955,2.958.632.665,3.390.602.015,3.347.630.661,3.507.910.063,3.699.765.897,3.885.321.149,4.094.611.034,407.621.125,4.484.936.071,4.658.131.378,4.715.684.173,4.800.565.188,4.830.231.082,0.006179667,0.035384253,0.008272375
Other Middle East,0.252073881,0.262693153,0.274099213,0.292964285,0.306792531,0.310736964,0.332868004,0.334056638,0.369915737,0.412221037,0.453487208,0.508187023,0.561558827,0.596884984,0.685262687,0.658440363,0.691715035,0.812458427,0.867472996,0.935662843,0.983028772,0.998280454,1.050.126.608,1.081.814.118,1.103.043.369,1.161.190.062,1.228.045.881,1.277.919.703,1.320.195.426,1.363.486.727,1.463.309.466,148.155.519,1.616.287.491,1.715.143.687,1.727.914.814,1.753.852.667,1.801.719.356,1.869.624.936,1.950.214.955,201.012.083,2.194.867.406,2.276.911.303,2.363.241.026,2.446.798.323,245.329.467,2.446.751.672,231.216.299,2.187.697.132,209.194.885,2.070.104.167,1.931.265.385,1.928.151.879,1.965.928.966,1.925.326.937,2.040.351.597,0.059742923,-0.023683495,0.003494357
Total Middle East,2.015.358.124,2.100.385.492,2.196.407.641,2.324.119.035,2.444.249.668,2.575.745.134,2.727.534.272,2.967.097.478,3.250.837.026,3.462.285.214,345.533.223,3.909.761.981,4.445.362.616,4.660.777.813,5.473.119.437,5.296.218.052,5.769.878.285,6.390.738.215,6.991.123.439,7.898.685.429,8.399.150.214,8.773.947.535,938.708.224,9.972.247.012,105.103.768,1.086.005.131,1.134.211.199,1.237.089.211,1.274.016.943,1.421.815.955,1.471.401.518,151.860.009,1.590.810.208,1.617.122.444,1.646.025.942,172.924.551,1.813.480.753,1.913.373.892,1.997.337.577,215.234.245,2.300.201.592,2.417.399.107,2.553.853.013,2.738.134.725,2.821.708.915,2.973.552.666,3.086.376.556,3.212.172.941,3.306.466.475,3.405.172.877,3.504.340.898,3.622.516.925,368.328.717,3.760.573.983,387.771.312,0.031149271,0.032238213,0.066410685
Algeria,0.089139467,0.107168063,0.101426148,0.108878725,0.120508183,0.131957845,0.142825345,0.160412901,0.191217281,0.211751519,0.253119235,0.295316633,0.324591825,0.407940009,0.534557018,0.6375488,0.774434122,0.892894584,0.975328376,0.936414691,0.943850907,0.998804695,102.628.323,1.099.400.515,1.069.299.968,1.133.818.329,112.335.327,1.152.688.404,10.725.542,1.086.808.885,1.127.196.878,1.115.641.943,1.072.246.726,1.109.917.657,1.121.032.061,1.079.769.482,1.118.882.451,1.158.985.602,1.212.751.946,1.259.042.279,13.182.306,1.365.057.057,1.438.563.721,1.524.631.432,1.615.685.244,157.464.434,1.671.919.399,1.827.370.006,1.933.040.652,2.108.057.688,222.293.477,2.220.546.638,2.244.641.312,2.419.454.215,2.538.143.136,0.049056072,0.047261779,0.004346887
Egypt,0.328912354,0.346088332,0.296036516,0.318887308,0.261575954,0.326128716,0.335109281,0.372113809,0.351537331,0.399887082,0.44305527,0.529300995,0.573790312,0.606867007,0.663695574,0.756945217,0.861354025,0.961626206,1.043.498.698,1.135.391.627,1.177.956.061,1.206.295.975,1.263.557.628,1.301.828.222,1.375.204.387,1.420.868.999,1.439.255.349,1.437.374.251,1.452.592.238,1.480.654.361,1.568.890.182,1.653.172.981,1.722.207.182,1.793.296.837,1.920.173.289,2.035.574.791,2.144.259.526,2.177.010.221,230.837.371,2.416.316.288,2.535.670.097,2.661.287.458,2.817.920.241,300.231.222,312.115.387,3.282.670.149,3.333.614.045,3.503.614.473,3.478.097.917,3.469.069.484,3.552.503.758,3.739.704.936,3.844.227.815,3.917.442.818,3.886.096.747,-0.008001666,0.026962726,0.006655427
Morocco,0.063055444,0.083405159,0.088000371,0.09444429,0.103448437,0.108380501,0.11522724,0.124574353,0.138753285,0.148287747,0.150940971,0.163657495,0.183405223,0.194700532,0.21714949,0.217814427,0.211560287,0.218329098,0.224225795,0.227298018,0.234776432,0.242711694,0.24990195,0.263948754,0.290302984,0.297133644,0.300902745,0.336983598,0.340871414,0.375493999,0.36843241,0.384346249,0.39952978,0.410015657,0.42603901,0.422363623,0.456174996,0.467561083,0.468474267,0.533565699,0.579183511,0.590968755,0.58537057,0.646138734,0.629331001,0.697567683,0.73326405,0.746082844,0.765196849,0.776509303,0.789754748,0.798222896,0.836003578,0.863996426,0.949021974,0.098409605,0.029481667,0.001625319
South Africa,1.275.198.761,1.283.120.961,1.336.140.694,1.410.133.083,1.451.919.623,1.517.304.268,1.634.422.834,1.687.967.456,1.815.941.854,1.868.010.222,1.991.545.005,2.078.156.444,2.129.082.189,2.108.394.975,2.177.614.651,2.324.471.199,2.705.867.867,2.910.720.279,2.949.647.484,3.222.672.486,3.290.856.535,3.351.183.832,3.404.853.923,3.747.982.172,3.580.431.074,3.704.339.405,3.676.849.395,3.694.854.903,3.689.274.441,384.673.408,4.020.287.432,4.099.672.719,4.191.666.529,4.117.792.879,4.257.957.992,4.263.152.928,4.285.472.039,4.173.655.253,4.522.803.043,4.935.604.505,467.566.902,4.769.447.506,4.897.167.543,5.250.526.579,5.235.984.795,5.288.440.306,5.214.735.705,5.135.912.072,5.154.335.288,5.219.787.509,5.045.664.649,5.297.718.127,5.251.850.637,5.295.004.463,54.008.613,0.019991831,0.000843901,0.00924965
Eastern Africa,0.371769901,0.407995657,0.420155489,0.437680639,0.458091572,0.517597256,0.554978949,0.581877177,0.613784053,0.636020861,0.620951326,0.665927154,0.674470822,0.656715698,0.677560625,0.678293449,0.66829394,0.658666627,0.662716494,0.658165688,0.681321904,0.716713587,0.719134208,0.778448864,0.788560755,0.887892235,0.845579668,0.829977432,0.88427895,0.889881138,0.906352494,0.911461146,0.9474894,1.008.900.862,1.030.324.188,1.042.694.993,1.121.785.172,1.149.256.823,1.134.957.714,1.226.430.807,126.759.629,1.312.101.099,1.371.601.455,1.360.377.418,1.433.435.628,1.556.797.451,1.632.123.187,164.621.928,1.806.745.278,1.977.407.932,2.051.545.713,2.039.505.596,2.154.141.738,2.257.466.748,2.353.482.125,0.042532355,0.051952657,0.004030632
Middle Africa,0.133312258,0.1373759,0.136792624,0.141931439,0.149010452,0.156281384,0.179503183,0.186248424,0.207738984,0.215046795,0.202184376,0.199835317,0.210714057,0.234396867,0.237943305,0.247605731,0.263276086,0.254721713,0.281847073,0.267242896,0.299584515,0.2979743,0.304743306,0.320176462,0.336718228,0.311566972,0.292827081,0.300200806,0.300195053,0.291617551,0.299794186,0.30157923,0.30062194,0.289648283,0.302463204,0.330194592,0.370842789,0.391984177,0.425526949,0.476951731,0.47797698,0.525836003,0.538361761,0.609184488,0.646671436,0.700180989,0.758314696,0.778723238,0.83902692,0.888345504,0.886141703,0.909305853,0.885678726,0.901336799,0.905917946,0.005082614,0.039953274,0.001551498
Western Africa,0.186363618,0.204918393,0.208126611,0.210089734,0.235724141,0.26471428,0.341240141,0.368613978,0.413707541,0.425136861,0.45815192,0.557943558,0.604328429,0.636963938,0.73986507,0.788320801,0.823523807,0.859342507,0.792016473,0.728152056,0.779254989,0.769626997,0.804506384,0.859082249,0.904665795,0.878355216,0.936974297,1.014.039.112,1.019.925.413,1.005.576.372,103.392.735,1.119.329.201,1.114.192.291,113.729.468,1.140.536.565,1.218.603.433,1.321.133.106,1.442.109.643,142.783.765,1.476.657.547,1.523.964.601,1.394.871.289,1.490.315.521,1.602.823.146,1.504.946.613,1.575.195.183,1.725.838.742,1.803.408.205,1.814.720.545,1.873.764.278,2.154.637.614,2.200.604.196,2.386.976.652,2.520.671.447,2.595.903.756,0.029846139,0.046316475,0.00444581
Other Northern Africa,0.061416919,0.067577826,0.07233967,0.082423166,0.091582107,0.109028419,0.100369211,0.127610405,0.175131477,0.191997581,0.215245738,0.252799819,0.286233495,0.3188352,0.415633658,0.432310773,0.461901621,0.473970042,0.499118326,0.495086853,0.557333657,0.570731985,0.63204713,0.642343334,0.69208581,0.676586412,0.671113097,0.672418713,0.713761193,0.776628701,0.818977643,0.839372392,0.874645278,0.910669677,0.90069295,0.969672357,0.990805429,0.981602254,1.014.524.869,1.095.180.021,1.124.300.778,1.127.505.915,1.095.266.126,1.148.740.146,1.222.535.898,1.253.472.615,0.903797337,1.078.152.623,1.165.142.726,1.146.499.682,1.004.572.292,0.971105693,0.974815908,1.009.191.163,1.039.684.905,0.030216022,-0.012868152,0.00178059
Other Southern Africa,0.002072599,0.003254985,0.003701292,0.004260359,0.004763618,0.005773504,0.006146673,0.006353397,0.00699635,0.006979341,0.007820533,0.012241758,0.014293518,0.02822612,0.029238798,0.029923427,0.036299319,0.036568508,0.03437803,0.035642908,0.040065481,0.042534237,0.043520447,0.047076917,0.05094389,0.076297648,0.091865924,0.099015931,0.099310336,0.101462163,0.110051694,0.103745837,0.108256607,0.120304885,0.129409658,0.131774295,0.134026454,0.133877365,0.13389958,0.134547908,0.144887021,0.142832398,0.148204998,0.153676939,0.159719467,0.145540105,0.156506168,0.17397811,0.181869114,0.1962751,0.200865873,0.20145684,0.214509914,0.20898864,0.201748417,-0.034644101,0.031220167,0.000345519
Total Africa,251.124.132,2.640.905.276,2.662.719.414,2.808.728.743,2.876.624.087,3.137.166.173,3.409.822.857,3.615.771.901,3.914.808.157,4.103.118.008,4.343.014.373,4.755.179.173,5.000.909.869,5.193.040.346,5.693.258.189,6.113.233.823,6.806.511.074,7.266.839.564,746.277.675,7.706.067.223,8.005.000.482,8.196.577.302,8.448.548.205,9.060.287.489,9.088.212.891,9.386.858.861,9.378.720.826,9.537.553.151,9.572.763.238,985.485.725,1.025.391.027,105.283.217,1.073.085.573,1.089.784.142,1.122.862.892,1.149.380.049,1.194.338.196,1.207.604.242,1.264.914.973,1.355.429.678,136.474.789,1.388.990.748,1.438.277.194,152.984.111,1.556.946.395,1.607.450.882,1.613.011.333,1.669.346.085,1.713.817.529,1.765.571.648,1.790.862.112,1.837.817.078,1.879.284.628,1.939.355.272,1.987.086.031,0.024611663,0.024002707,0.034031333
Australia,1.459.286.612,1.600.803.095,1.697.795.314,1.800.547.432,1.874.719.856,2.045.414.697,2.147.890.907,224.607.057,2.401.250.707,2.553.252.955,259.570.618,2.686.863.918,2.820.108.605,2.890.045.323,300.404.845,302.432.949,3.049.439.214,3.047.560.839,3.053.981.186,3.187.339.711,3.211.756.756,3.320.412.587,3.409.135.537,3.567.720.184,3.739.867.501,3.805.763.072,3.781.465.924,381.981.242,3.928.661.083,4.085.395.716,4.193.764.522,4.299.535.827,4.408.149.393,4.510.961.452,4.708.312.041,4.728.620.125,4.772.128.148,4.842.976.908,4.915.958.467,5.079.166.881,5.059.603.423,5.365.377.307,5.433.755.039,5.523.351.787,5.476.682.345,5.497.566.657,5.696.065.809,5.626.706.862,5.668.972.036,5.750.627.665,5.836.986.662,5.882.772.036,5.870.946.174,5.995.893.111,6.409.584.518,0.068995794,0.008242773,0.010977215
Bangladesh,n/a,n/a,n/a,n/a,n/a,n/a,0.02928705,0.057197719,0.070641178,0.072998559,0.082865656,0.095066229,0.097596954,0.105178243,0.116500375,0.131304949,0.132219677,0.145971429,0.144257595,0.155814371,0.173309998,0.18884135,0.20841082,0.232039457,0.250017741,0.265312729,0.255975948,0.279244442,0.307176459,0.325937816,0.385351052,0.403452098,0.423943058,0.451454989,0.456609905,0.489551762,0.559469476,0.577364077,0.611952648,0.633000148,0.682661837,0.739660567,0.757052132,0.800958391,0.880522438,0.901471375,0.97960152,1.048.742.332,1.080.639.616,1.126.520.643,1.324.923.466,1.343.019.958,1.392.542.249,1.482.029.758,1.758.183.572,0.186334864,0.063468662,0.003011109
China,5.516.043.195,599.500.142,5.391.340.978,5.445.350.202,6.627.664.195,8.486.606.443,1.006.168.883,108.465.529,114.490.558,1.180.545.507,1.322.145.363,139.208.634,1.518.078.431,1.664.743.018,1.714.724.622,1.748.263.777,172.475.447,1.800.972.102,1.916.648.359,205.649.728,2.224.250.256,2.331.113.563,2.513.928.687,2.700.285.313,2.833.437.687,2.870.108.743,3.015.281.092,3.175.280.742,3.418.981.486,3.629.226.878,3.740.743.855,3.935.567.571,3.958.471.189,3.963.891.254,4.102.839.607,4.245.316.142,448.419.766,4.884.460.713,5.687.522.175,6.654.571.613,7.560.172.011,828.805.339,9.008.781.938,9.344.496.937,9.752.314.741,1.042.840.024,1.125.408.083,1.170.453.502,1.213.746.569,1.241.979.329,1.253.768.906,1.269.507.368,1.308.317.338,1.357.706.969,141.699.218,0.043665689,0.038066108,0.242677627
China Hong Kong SAR,0.094687243,0.102692959,0.121294094,0.131141122,0.154079783,0.165534032,0.174814767,0.198554721,0.205927483,0.210807083,0.198457536,0.234327506,0.253021682,0.262860673,0.269146653,0.275024968,0.293073079,0.321661076,0.341074764,0.349425983,0.362765692,0.380127299,0.417670201,0.481136694,0.514294048,0.501687875,0.519801893,0.611744105,0.667808298,0.605134423,0.650450304,0.650127678,0.657695199,0.670441558,0.679038316,0.71091115,0.89791281,0.8763571,0.905059593,1.013.496.966,0.972325717,1.028.708.475,1.094.451.527,1.018.271.338,1.111.889.349,1.156.645.165,1.185.808.837,1.139.696.437,1.170.605.324,1.143.681.031,1.175.631.031,1.206.508.975,1.294.038.156,1.302.102.279,1.241.324.637,-0.04667655,0.024892129,0.002125924
India,2.217.659.391,2.285.376.553,2.355.910.526,2.517.670.031,2.790.897.943,2.729.549.147,2.838.043.338,2.987.987.055,3.049.282.999,3.232.547.395,3.473.186.891,3.642.690.584,3.852.342.997,399.877.365,4.223.199.995,4.350.661.092,4.818.775.976,4.777.145.138,5.026.523.483,5.367.804.272,5.668.948.497,6.069.131.146,645.753.994,70.277.431,7.674.540.443,8.236.359.628,8.685.825.807,9.134.670.498,9.362.388.461,9.860.622.343,1.060.279.758,1.103.301.949,1.164.674.254,1.234.866.704,1.268.108.325,1.334.155.797,1.341.095.659,1.402.856.838,1.456.802.106,156.296.614,1.656.290.826,1.741.017.417,1.892.910.864,2.000.481.722,2.152.434.691,2.255.470.758,2.388.045.003,2.511.341.421,260.769.452,2.786.167.507,2.877.081.861,3.006.742.863,3.133.455.098,3.330.179.358,3.405.951.446,0.022753155,0.052284816,0.058331177
Indonesia,0.303080134,0.300494796,0.296710826,0.316206893,0.357008839,0.382340894,0.36595772,0.388245866,0.437741847,0.469063683,0.574561384,0.603997182,0.798368469,0.884758727,1.009.819.592,1.080.048.536,1.173.471.424,1.196.322.802,1.268.567.589,1.374.022.695,1.460.723.443,1.619.504.335,1.712.255.269,1.807.081.941,1.999.198.169,2.202.231.407,2.388.776.874,2.621.907.036,2.770.307.086,2.961.614.766,3.155.046.683,3.365.225.219,3.654.431.594,3.590.076.014,3.918.060.971,4.261.250.417,4.510.336.475,4.710.791.785,5.071.892.188,5.046.643.389,517.138.612,5.246.495.585,5.630.329.605,5.557.591.187,5.757.824.546,6.321.323.284,689.862.864,7.268.442.343,7.570.222.242,7.091.578.407,7.102.872.722,7.299.586.557,7.572.361.058,8.225.365.584,8.911.262.817,0.083388054,0.039984487,0.015261652
Japan,6.515.746.902,7.198.596.669,8.253.766.617,9.203.316.832,1.048.879.509,1.172.728.154,1.248.516.325,1.308.078.105,1.453.094.503,1.458.812.554,1.393.266.937,1.444.171.058,1.455.049.319,1.515.552.523,1.575.079.442,152.807.755,1.506.797.009,1.447.221.319,1.466.406.393,1.591.855.482,1.602.362.408,1.604.336.026,1.636.799.064,174.133.188,1.801.135.339,1.860.675.309,1.906.545.725,1.930.202.606,1.957.345.188,2.032.846.733,2.112.650.639,2.152.816.703,2.192.482.927,2.144.363.536,21.821.751,220.638.941,2.184.906.919,2.178.412.635,2.169.815.768,2.195.756.717,2.234.722.617,2.228.088.283,2.205.602.065,2.175.250.316,1.983.345.321,2.113.185.174,2.006.178.833,1.992.277.436,1.974.698.214,1.924.067.329,189.680.799,1.864.781.469,1.889.071.709,188.404.611,1.867.373.845,-0.008849181,-0.014269422,0.031981112
Malaysia,0.104123874,0.121500171,0.122824563,0.125197538,0.131136998,0.145793617,0.160612054,0.181679763,0.195328225,0.198220883,0.20585875,0.228697437,0.254115787,0.348648769,0.426262035,0.458662405,0.470417373,0.507080921,0.582607319,0.626381705,0.626286337,0.70215446,0.724158156,0.768635136,0.858320473,0.926533074,1.121.950.609,1.212.855.017,1.264.897.118,1.380.757.783,143.922.604,1.606.701.438,1.869.467.793,1.738.048.849,1.967.760.621,2.195.213.567,2.210.482.607,2.364.065.878,2.571.036.429,2.740.727.191,2.923.959.669,3.038.262.823,3.240.854.679,3.356.134.049,3.251.510.265,3.350.772.397,3.469.197.403,3.727.993.611,3.900.895.896,3.939.901.775,3.996.099.097,4.208.255.182,4.272.728.672,4.207.577.552,4.261.898.097,0.012910171,0.022867272,0.007299033
New Zealand,0.3000309,0.31871366,0.321344224,0.328636817,0.334485073,0.372462899,0.3893282,0.415540392,0.432707188,0.436045508,0.442204154,0.45715641,0.466395789,0.460494384,0.465575121,0.466815759,0.467136018,0.483425714,0.502443915,0.530054134,0.536450313,0.581253695,0.592706628,0.616419808,0.555087468,0.655734195,0.669491648,0.670672594,0.6912933,0.728075661,0.756137531,0.767680166,0.768796101,0.76932454,0.776898529,0.81046345,0.804425181,0.832089457,0.807707628,0.833530844,0.80678323,0.813726281,0.812231554,0.81441448,0.812215588,0.830238609,0.833230139,0.837992786,0.840681669,0.880768542,0.889239138,0.894573953,0.9061885,0.898102729,0.916463883,0.020444381,0.009829499,0.001569559
Pakistan,0.294590983,0.296809523,0.328511056,0.372853069,0.37454457,0.368740862,0.358120351,0.315727718,0.336799299,0.360269806,0.388315704,0.394135312,0.426239443,0.455736419,0.496879033,0.551344289,0.592941205,0.653786021,0.698286945,0.739163788,0.776903442,0.824315402,0.92316215,0.980903332,1.040.801.965,1.088.679.499,1.153.436.628,1.211.116.536,1.340.490.897,1.387.760.147,1.463.658.915,1.558.666.831,1.510.386.362,161.821.793,1.691.508.293,1.728.601.612,1.769.012.533,1.835.831.042,199.672.665,2.222.956.472,230.654.799,2.433.294.656,2.587.635.612,2.603.619.119,2.637.272.699,2.648.099.154,2.645.624.972,2.468.867.265,2.881.975.338,2.773.597.534,2.922.548.457,3.186.898.706,3.370.356.762,3.477.551.097,3.560.508.084,0.023855002,0.029365496,0.006097815
Philippines,0.196228667,0.212103272,0.238248988,0.269161255,0.288331076,0.328066844,0.37558217,0.371699593,0.433903128,0.404352931,0.437667525,0.454631075,0.490592561,0.511565159,0.533137966,0.523928828,0.521192367,0.506419725,0.547147933,0.497523222,0.480087271,0.487469434,0.529248798,0.583448142,0.631305627,0.655917718,0.635568077,0.73759104,0.762780981,0.810063668,0.90240273,0.970302451,1.044.380.961,1.060.480.026,1.080.217.436,1.077.595.852,1.061.732.747,1.054.807.281,1.092.359.224,1.128.703.829,1.124.008.063,1.090.070.777,1.134.096.304,1.171.726.635,1.184.041.693,12.206.995,1.244.480.889,1.284.663.188,1.377.432.697,1.449.061.804,1.588.418.276,17.348.336,1.902.688.112,1.956.006.309,2.023.979.222,0.034750866,0.052578258,0.003466317
Singapore,0.172396822,0.197077409,0.236721665,0.294244337,0.289146659,0.313939342,0.27251235,0.341235311,0.321575838,0.317010669,0.309549469,0.367170785,0.368548676,0.379345111,0.404399942,0.401656161,0.462095298,0.449617141,0.476321671,0.500769127,0.510817133,0.592994963,0.623525313,0.721419766,0.822608385,0.983046144,100.156.829,1.074.549.355,1.173.997.455,1.342.735.172,1.399.821.658,1.412.552.168,1.485.716.814,1.506.267.883,1.491.208.788,1.594.486.446,1.810.378.393,1.778.465.075,1.680.331.914,1.880.913.072,1.976.388.368,2.174.713.179,2.334.983.117,2.484.098.728,2.671.538.698,2.871.116.842,2.985.126.823,2.997.781.957,3.063.739.974,3.151.956.093,3.351.682.979,3.478.308.786,3.588.506.954,3.605.293.175,3.549.664.925,-0.015429605,0.037951769,0.006079245
South Korea,0.268883111,0.326130329,0.374809357,0.429671074,0.518671962,0.60208933,0.651433073,0.675387746,0.835585632,0.868421314,0.955063943,1.068.516.116,122.902.316,1.376.073.464,158.598.682,1.632.528.176,1.708.921.689,171.005.846,1.857.953.712,2.029.138.745,2.241.354.382,251.359.701,2.784.341.744,3.110.226.569,337.989.994,3.823.335.804,4.325.854.158,4.880.821.807,5.352.656.793,5.774.581.317,6.308.412.022,6.967.498.688,7.653.530.299,7.064.810.235,7.694.935.537,816.163.378,8.347.168.211,8.733.218.284,9.014.587.158,9.180.080.742,9.472.580.704,9.625.624.692,9.930.154.478,1.011.702.687,1.016.019.523,1.093.733.276,1.143.496.932,115.408.535,1.154.991.832,1.163.738.735,1.187.015.047,1.216.133.327,1.237.288.484,1.254.979.276,1.237.082.514,-0.014260604,0.021782276,0.021186585
Sri Lanka,0.023393792,0.024210189,0.024809832,0.025945259,0.027186495,0.050789409,0.047766733,0.05163536,0.051936039,0.045607066,0.045244234,0.045326687,0.04855011,0.056005413,0.058139095,0.058699624,0.067474392,0.074773648,0.076328481,0.075794389,0.073916422,0.075978926,0.078142579,0.080563638,0.079913395,0.086874232,0.089717414,0.097877118,0.10490775,0.115046614,0.125480503,0.130546176,0.140770133,0.152675996,0.165694,0.178824831,0.175241409,0.179124712,0.186136705,0.179905917,0.206621537,0.224600769,0.228706693,0.213640575,0.2204902,0.236223315,0.248146816,0.250052932,0.254208499,0.228862203,0.290904285,0.309936565,0.326913221,0.348802515,0.358623038,0.028154964,0.050242496,0.000614187
Taiwan,0.251619234,0.269637079,0.294464239,0.337734819,0.354152286,0.385792972,0.484801897,0.517747746,0.605610952,0.579024971,0.637839283,0.778021653,0.854197647,1.008.420.459,1.070.184.695,1.129.159.387,1.055.427.235,1.060.130.047,1.197.214.174,1.268.179.271,1.481.220.686,1.607.264.257,1.726.910.646,1.894.328.021,2.012.580.383,2.137.629.896,2.257.631.101,2.380.308.925,2.522.417.077,2.669.188.839,2.826.945.349,2.949.302.901,3.138.672.758,3.316.888.781,3.662.878.656,3.736.828.386,3.854.414.278,4.014.194.251,4.203.274.671,4.409.763.187,4.456.164.315,4.549.165.768,4.739.329.563,448.579.741,4.415.925.334,4.661.572.592,4.610.647.018,4.613.658.876,4.711.865.234,4.821.652.917,4.768.745.609,4.848.540.893,4.866.493.238,4.930.578.245,4.810.425.181,-0.02436896,0.00949883,0.008238455
Thailand,0.110000919,0.131050694,0.149159635,0.191591653,0.202632997,0.241031876,0.266939966,0.324421661,0.343983201,0.357568358,0.394229342,0.416277097,0.458415287,0.49939772,0.526231318,0.527222631,0.533678241,0.546331388,0.604087455,0.664761741,0.69657591,0.74268123,0.852141804,0.954731884,1.097.436.613,1.298.466.728,1.433.934.005,1.582.728.206,1.802.305.817,2.020.644.186,2.215.344.137,2.504.734.804,2.640.003.475,2.445.512.792,2.613.942.853,2.673.453.422,2.818.168.667,3.098.267.308,3.355.252.753,3.589.715.354,3.713.304.343,3.770.720.491,3.940.980.723,3.987.274.637,4.125.422.096,4.386.243.458,4.557.568.913,4.871.629.492,4.951.135.855,5.087.192.773,5.245.696.369,5.359.835.832,5.450.763.933,5.600.038.707,5.614.262.253,0.002539901,0.034550007,0.009615126
Vietnam,0.105818516,0.185083045,0.255109607,0.264528222,0.312456266,0.325929402,0.290573029,0.281731767,0.297366312,0.221093656,0.245739836,0.142080379,0.151983146,0.157542479,0.169695677,0.19397937,0.194415711,0.207690332,0.217377862,0.219064158,0.217773352,0.238571836,0.268885401,0.268589581,0.254137686,0.273038089,0.277244953,0.302684424,0.345587432,0.385893808,0.447918051,0.513978807,0.59415234,0.642743422,0.66297183,0.754747684,0.852339406,0.933492995,100.763.217,1.232.726.811,1.304.920.167,1.192.666.742,1.302.724.449,161.799.198,164.670.996,1.872.873.011,2.131.589.424,2.237.188.103,2.386.856.986,2.612.164.903,2.895.570.279,3.110.450.479,331.744.811,3.721.139.402,4.119.141.892,0.106957157,0.08685087,0.007054545
Other Asia Pacific,0.68576763,0.727348099,0.790175539,0.851181323,0.903949201,0.963732416,1.056.399.746,1.095.764.206,1.134.371.255,1.212.218.757,1.244.515.028,1.307.965.039,1.385.459.406,1.462.511.043,1.576.614.227,1.690.834.303,1.747.060.844,1.817.450.716,1.889.062.518,1.922.886.985,2.051.574.064,2.074.904.533,2.016.030.291,2.047.515.676,2.022.424.254,1.978.558.209,1.925.888.057,1.751.345.359,1.679.794.902,1.614.596.663,1.598.606.077,1.493.351.755,147.804.695,1.416.919.551,1.496.822.538,1.589.758.668,1.637.095.585,1.623.614.955,1.710.982.189,173.115.388,1.815.913.659,1.880.413.829,1.840.251.328,1.922.348.132,1.755.683.748,1.941.302.897,1.929.861.582,2.019.382.841,1.991.323.241,2.159.239.659,2.250.169.992,243.854.589,2.504.039.755,3.138.345.355,3.221.300.198,0.026432669,0.050235923,0.005516879
Total Asia Pacific,1.861.935.792,2.029.262.896,2.125.299.706,2.290.497.788,2.602.985.929,2.963.509.572,3.245.691.543,3.437.796.114,3.713.401.211,3.793.208.421,3.938.512.792,4.128.549.739,4.368.623.722,4.666.031.244,4.883.386.163,4.925.961.324,4.960.325.453,499.873.596,5.231.378.412,5.599.165.192,5.883.659.033,6.137.369.835,6.483.154.279,6.955.867.486,7.327.816.435,7.622.700.882,7.974.239.956,8.342.476.236,8.784.073.765,9.268.878.504,970.053.081,1.015.105.192,1.046.244.269,104.386.039,1.085.980.906,1.125.505.546,1.161.823.083,122.111.963,1.322.722.909,1.450.354.294,1.565.050.237,1.657.450.928,1.760.804.855,1.808.765.351,1.849.888.717,1.968.040.427,2.073.335.948,2.140.151.913,2.205.990.572,2.251.544.746,228.625.428,2.331.293.808,2.400.659.016,2.493.515.702,2.575.599.184,0.032918775,0.032625838,0.441103562
Total World,1.556.909.375,1.640.972.126,1.702.745.108,1.806.468.747,192.857.279,2.050.070.794,2.133.571.541,2.249.326.353,2.378.838.796,2.391.628.332,2.404.581.266,2.534.511.755,2.627.467.659,2.719.540.556,2.814.451.739,2.794.619.594,2.781.551.561,2.764.580.499,2.809.386.891,2.944.194.884,3.022.277.506,3.088.831.696,3.196.631,3.318.760.522,3.383.119.443,3.422.263.387,3.446.286.589,3.472.167.069,3.496.326.068,3.541.074.807,3.615.153.157,3.721.311.982,3.756.670.592,3.780.165.416,3.848.502.708,3.944.998.454,398.452.334,4.071.819.759,4.217.373.963,4.422.301.962,4.570.767.535,4.701.432.888,4.846.690.774,4.902.279.226,4.828.156.432,5.060.241.373,5.183.108.266,5.249.816.921,5.349.079.464,5.392.497.922,5.431.748.996,550.601.336,5.604.215.751,5.762.288.096,5.838.989.769,0.013310975,0.016294774,1
of which: OECD,1.097.539.658,1.152.095.928,1.197.577.557,127.763.797,1.363.139.387,143.811.047,1.476.986.683,155.275.737,1.639.372.374,1.616.803.746,1.584.480.244,1.669.945.564,1.708.310.722,1.747.291.921,1.795.816.398,1.749.762.134,1.710.821.827,1.658.939.322,1.663.604.315,1.741.488.003,1.782.414.109,180.256.698,1.853.472.594,1.916.465.304,1.951.033.673,1.963.698.107,1.979.388.427,1.997.175.319,2.025.383.762,2.059.932.482,2.111.537.186,2.182.521.014,2.204.140.682,2.212.740.789,2.246.398.286,22.915.823,2.275.209.245,2.294.808.756,2.314.513.046,2.356.042.247,2.372.485.532,2.376.168.098,2.389.801.343,2.363.691.653,2.246.855.032,2.330.356.657,2.306.346.756,2.281.612.809,2.302.561.205,2.283.057.574,2.287.499.842,2.296.432.689,2.318.387.241,235.388.791,2.334.338.153,-0.008305305,-0.00041554,0.399784594
                 Non-OECD,4.593.697.172,4.888.761.978,5.051.675.504,5.288.307.766,5.654.334.022,6.119.603.238,656.584.858,6.965.689.825,7.394.664.219,7.748.245.853,8.201.010.214,8.645.661.915,9.191.569.365,9.722.486.354,1.018.635.342,104.485.746,1.070.729.734,1.105.641.177,1.145.782.576,1.202.706.881,1.239.863.398,1.286.264.716,1.343.158.406,1.402.295.218,143.208.577,145.856.528,1.466.898.163,147.499.175,1.470.942.306,1.481.142.325,1.503.615.971,1.538.790.968,155.252.991,1.567.424.627,1.602.104.422,1.653.416.154,1.709.314.095,1.777.011.004,1.902.860.917,2.066.259.714,2.198.282.003,232.526.479,2.456.889.431,2.538.587.573,2.581.301.401,2.729.884.716,287.676.151,2.968.204.112,3.046.518.259,3.109.440.348,3.144.249.155,3.209.580.671,328.582.851,3.408.400.187,3.504.651.616,0.028239474,0.029901861,0.600215406
                 European Union #,4.209.318.433,4.328.262.159,445.094.876,4.739.126.295,5.092.758.898,5.419.538.033,5.546.464.036,581.200.142,6.137.523.006,6.036.664.509,5.956.981.412,6.297.704.149,6.390.446.135,6.621.649.693,6.871.249.806,6.687.010.585,6.493.638.773,6.348.541.448,6.375.555.809,6.542.181.692,6.868.502.979,6.980.374.935,71.041.766,7.165.979.708,7.185.604.585,7.156.987.505,7.140.546.878,7.015.438.387,6.982.935.579,6.949.670.443,7.101.183.012,7.338.494.588,7.292.408.993,737.070.569,7.337.870.795,7.394.751.482,7.537.867.522,7.474.008.138,7.615.359.338,7.708.850.276,7.723.081.556,7.761.231.393,7.645.908.839,7.602.359.377,7.158.006.717,7.415.218.968,7.168.876.167,7.104.391.396,7.044.960.484,677.129.704,6.851.787.537,6.913.602.839,69.910.232,6.980.643.492,6.880.626.894,-0.014327705,-0.008495462,0.117839338
